insert into actors (id, name, age) values (1, 'Andriette Janu', 55);
insert into actors (id, name, age) values (2, 'Lorianne Helstrom', 95);
insert into actors (id, name, age) values (3, 'Anatollo Corrigan', 5);
insert into actors (id, name, age) values (4, 'Debor Lindegard', 114);
insert into actors (id, name, age) values (5, 'Lauraine Bocking', 56);
insert into actors (id, name, age) values (6, 'Von Louca', 64);
insert into actors (id, name, age) values (7, 'Eustacia Powdrell', 94);
insert into actors (id, name, age) values (8, 'Claudell Fransinelli', 21);
insert into actors (id, name, age) values (9, 'Barrett Speir', 11);
insert into actors (id, name, age) values (10, 'Findlay Peplay', 33);
insert into actors (id, name, age) values (11, 'Poul McKyrrelly', 53);
insert into actors (id, name, age) values (12, 'Elsi Deviney', 120);
insert into actors (id, name, age) values (13, 'Celinda Rickardes', 48);
insert into actors (id, name, age) values (14, 'Marie Gresch', 75);
insert into actors (id, name, age) values (15, 'Graig MacBarron', 25);
insert into actors (id, name, age) values (16, 'Carney Melwall', 78);
insert into actors (id, name, age) values (17, 'Kitti Stuke', 65);
insert into actors (id, name, age) values (18, 'Babbette Sim', 119);
insert into actors (id, name, age) values (19, 'Emmalee Bowerman', 69);
insert into actors (id, name, age) values (20, 'Felicio Korejs', 65);

insert into genres (id, name) values (1, 'Documentary');
insert into genres (id, name) values (2, 'Crime');
insert into genres (id, name) values (3, 'Action');
insert into genres (id, name) values (4, 'Drama');
insert into genres (id, name) values (5, 'Thriller');
insert into genres (id, name) values (6, 'Comedy');
insert into genres (id, name) values (7, 'Romance');
insert into genres (id, name) values (8, 'Fantasy');
insert into genres (id, name) values (9, 'Adventure');
insert into genres (id, name) values (10, 'War');

insert into movies (id, title, release_year, genre_id) values (1, 'Dreamer: Inspired by a True Story', 1994, 5);
insert into movies (id, title, release_year, genre_id) values (2, 'Passion of Joan of Arc, The (Passion de Jeanne d''Arc, La)', 1894, 7);
insert into movies (id, title, release_year, genre_id) values (3, 'Bucky Larson: Born to Be a Star', 1921, 10);
insert into movies (id, title, release_year, genre_id) values (4, 'Wrong Man, The', 1993, 6);
insert into movies (id, title, release_year, genre_id) values (5, 'Tsunami: Caught on Camera', 2000, 3);
insert into movies (id, title, release_year, genre_id) values (6, 'Adelheid', 1957, 6);
insert into movies (id, title, release_year, genre_id) values (7, 'What Is It?', 1966, 10);
insert into movies (id, title, release_year, genre_id) values (8, 'A True Mob Story', 1949, 2);
insert into movies (id, title, release_year, genre_id) values (9, 'Tooth Fairy', 1980, 2);
insert into movies (id, title, release_year, genre_id) values (10, 'Wild Horses (Caballos salvajes)', 1954, 10);
insert into movies (id, title, release_year, genre_id) values (11, 'Last of the Mohicans, The', 1987, 3);
insert into movies (id, title, release_year, genre_id) values (12, 'P.S.', 1999, 7);
insert into movies (id, title, release_year, genre_id) values (13, 'Hanging Garden, The', 2019, 2);
insert into movies (id, title, release_year, genre_id) values (14, 'Cutting Edge: The Magic of Movie Editing, The', 1901, 1);
insert into movies (id, title, release_year, genre_id) values (15, 'Red Heat', 2019, 1);
insert into movies (id, title, release_year, genre_id) values (16, 'Big Broadcast of 1938, The', 1944, 3);
insert into movies (id, title, release_year, genre_id) values (17, 'The Burglar', 2017, 5);
insert into movies (id, title, release_year, genre_id) values (18, 'Learning to Ride', 1911, 2);
insert into movies (id, title, release_year, genre_id) values (19, 'Brain That Wouldn''t Die, The', 1956, 10);
insert into movies (id, title, release_year, genre_id) values (20, 'How to Murder Your Wife', 1974, 7);

insert into movies_actors (movie_id, actor_id) values (11, 7);
insert into movies_actors (movie_id, actor_id) values (14, 15);
insert into movies_actors (movie_id, actor_id) values (19, 20);
insert into movies_actors (movie_id, actor_id) values (19, 13);
insert into movies_actors (movie_id, actor_id) values (15, 3);
insert into movies_actors (movie_id, actor_id) values (18, 18);
insert into movies_actors (movie_id, actor_id) values (18, 4);
insert into movies_actors (movie_id, actor_id) values (18, 7);
insert into movies_actors (movie_id, actor_id) values (5, 20);
insert into movies_actors (movie_id, actor_id) values (3, 8);
insert into movies_actors (movie_id, actor_id) values (5, 1);
insert into movies_actors (movie_id, actor_id) values (20, 6);
insert into movies_actors (movie_id, actor_id) values (1, 3);
insert into movies_actors (movie_id, actor_id) values (13, 8);
insert into movies_actors (movie_id, actor_id) values (12, 14);
insert into movies_actors (movie_id, actor_id) values (12, 19);
insert into movies_actors (movie_id, actor_id) values (9, 1);
insert into movies_actors (movie_id, actor_id) values (7, 11);
insert into movies_actors (movie_id, actor_id) values (8, 2);
insert into movies_actors (movie_id, actor_id) values (20, 16);